21001,0,匿名
21002,1,匿名
21003,2,匿名
21004,3,匿名
21006,4,匿名
21007,5,匿名
21008,6,匿名
21009,7,匿名
21010,8,匿名
21011,9,匿名
21012,10,匿名
21013,11,匿名
21014,12,匿名
21015,13,匿名
21016,14,匿名
21017,15,匿名
21018,16,匿名
21019,17,匿名
21020,18,匿名
21021,19,匿名
21022,20,匿名
21023,21,匿名
21024,22,匿名
21025,23,匿名
21026,24,匿名
21027,25,匿名
21028,26,匿名
21029,27,匿名
21030,28,匿名
21031,29,匿名
21032,30,匿名
21033,31,匿名
21034,32,匿名
21035,33,匿名
21036,34,匿名
21037,35,匿名
21038,36,匿名
21040,37,匿名
21041,38,匿名
21043,39,匿名
21044,40,匿名
21045,41,匿名
21046,42,匿名
21047,43,匿名
21048,44,匿名
21049,45,匿名
21050,46,匿名
21051,47,匿名
21052,48,匿名
21053,49,匿名
21054,50,匿名
21055,51,匿名
21056,52,匿名
21057,53,匿名
21058,54,匿名
21059,55,匿名
21062,56,匿名
21136,57,匿名
21137,58,匿名
21138,59,匿名
21139,60,匿名
21140,61,匿名
21141,62,匿名
21142,63,匿名
21143,64,匿名
21144,65,匿名
21145,66,匿名
21146,67,匿名
21147,68,匿名
21148,69,匿名
21149,70,匿名
21150,71,匿名
21151,72,匿名
21152,73,匿名
21153,74,匿名
21154,75,匿名
21155,76,匿名
21156,77,匿名
21157,78,匿名
21158,79,匿名
21159,80,匿名
21160,81,匿名
21161,82,匿名
21162,83,匿名
21163,84,匿名
21164,85,匿名
21165,86,匿名
21166,87,匿名
21167,88,匿名
21168,89,匿名
21169,90,匿名
21171,91,匿名
21172,92,匿名
21173,93,匿名
21174,94,匿名
21207,95,匿名
21208,96,匿名
21212,97,匿名
21213,98,匿名
21214,99,匿名
21215,100,匿名
21216,101,匿名
21217,102,匿名
21218,103,匿名
21219,104,匿名
21220,105,匿名
21221,106,匿名
21222,107,匿名
21226,108,匿名
21227,109,匿名
21229,110,匿名
21230,111,匿名
21232,112,匿名
21237,113,匿名
21238,114,匿名
21239,115,匿名
21254,116,匿名
21072,117,匿名
21076,118,匿名
21092,119,匿名
21063,120,匿名
21064,121,匿名
21065,122,匿名
21066,123,匿名
21067,124,匿名
21068,125,匿名
21069,126,匿名
21070,127,匿名
21071,128,匿名
21073,129,匿名
21074,130,匿名
21075,131,匿名
21077,132,匿名
21078,133,匿名
21082,134,匿名
21084,135,匿名
21086,136,匿名
21087,137,匿名
21088,138,匿名
21089,139,匿名
21090,140,匿名
21091,141,匿名
21093,142,匿名
21094,143,匿名
21095,144,匿名
21097,145,匿名
21098,146,匿名
21099,147,匿名
21100,148,匿名
21101,149,匿名
21102,150,匿名
21103,151,匿名
21104,152,匿名
21105,153,匿名
21106,154,匿名
21107,155,匿名
21108,156,匿名
21109,157,匿名
21110,158,匿名
21111,159,匿名
21112,160,匿名
21113,161,匿名
21114,162,匿名
21115,163,匿名
21116,164,匿名
21117,165,匿名
21118,166,匿名
21119,167,匿名
21120,168,匿名
21121,169,匿名
21122,170,匿名
21123,171,匿名
21124,172,匿名
21125,173,匿名
21126,174,匿名
21127,175,匿名
21128,176,匿名
21129,177,匿名
21130,178,匿名
21131,179,匿名
21132,180,匿名
21133,181,匿名
21134,182,匿名
21135,183,匿名
21175,184,匿名
21176,185,匿名
21177,186,匿名
21178,187,匿名
21179,188,匿名
21180,189,匿名
21181,190,匿名
21182,191,匿名
21183,192,匿名
21184,193,匿名
21185,194,匿名
21186,195,匿名
21187,196,匿名
21188,197,匿名
21189,198,匿名
21190,199,匿名
21191,200,匿名
21192,201,匿名
21193,202,匿名
21194,203,匿名
21195,204,匿名
21196,205,匿名
21197,206,匿名
21198,207,匿名
21199,208,匿名
21200,209,匿名
21201,210,匿名
21202,211,匿名
21203,212,匿名
21204,213,匿名
21205,214,匿名
21206,215,匿名
